15ORB	12
1V	1
1ab	1
2020election	1
20Kto100KChallenge	1
20Kto25K	2
20kto100kChallenge	2
20代投資家と繋がりたい	1
25Sep5Baje25Minute	2
25सितम्बर_भारतबंद	1
2BTRADERS	1
2trillion	1
30ORB	4
401k	1
4chan	1
5726A	1
5G	360
5GiPhone	3
5g	5
5gNetwork	2
5gfuture	1
630club	7
6MillionTrakinTech	1
737max	1
99SuperShoppingDay	1
9at9	8
A	1
A14	1
A14BIONIC	1
AAP	1
AAPI	2
AAPL	1418
AAPLE	2
AAPListhestockmarket	1
AAPLyousuck	1
AAPL万歳	1
AAPl	3
ABC	1
ABD	50
ACBconfirmation	2
ACT	9
ACTFamily	1
ADBE	2
AEO	1
AI	18
AIM	19
AL29	6
AL30	41
AL30D	42
AL35	6
AL41	4
ALERTA	1
ALPPs	7
AMAs	1
AMC	1
AMD	133
AMGO	1
AML	5
AMZM	1
AMZN	262
ANA	1
ANET	1
ANGRY	5
ANTIBODIES	3
APLE	1
APPLE	41
APPLENEWSTODAY	6
APPLEONE	4
APPLEPRORAW	3
APPS	3
AR	16
ARKINVEST	1
ARKK	1
ARKit	2
ARMRreport	3
ARRI	1
ARtech	3
ASML	1
ASX	1
AT40	2
ATHs	1
ATT	50
AUDCAD	33
AUDJPY	15
AUDUSD	3
AVGO	100
AVWAP	2
Aapl	5
Abuses	1
Acciones	1
Accionesparacomprar	1
AceAgro	16
ActiveMeasures	5
AdamJonas	1
AirPods	16
AirPodsPro	3
Airbnb	2
Airdrop	42
Airlines	1
Airnb	1
Airpods	1
Aktie	5
Aktien	6
Alert	1
AlertTrade	1
Alexa	1
Algorithms	4
Alibaba	5
AllEyesOnCBI	2
AlphaTrader	5
Alphabet	11
Alzeihmers	2
Alzheimers	1
AmIDiversified	23
AmIdiversified	1
Amazon	122
AmazonNews	1
AmazonPrime	3
AmazonPrimeDay	27
AmericanAirlines	2
AmericanExpress	4
Americans	1
Amidiversified	1
Analysis	4
AnalystColor	5
Analytics	1
Android	6
Androidforever	1
AnotherWeekAnotherDollar	21
AntiTrust	1
Antitrust	10
Análisis	1
ApexMillennial100	6
AppStore	4
Apple	1511
Apple12	9
Apple2021	1
AppleAAPL	1
AppleComputer	1
AppleEVRumorUpdate	3
AppleEvent	921
AppleInc	1
AppleMusicTV	2
AppleNews	10
AppleOne	3
AppleServices	2
AppleStore	1
AppleTV	1
AppleTVPlus	3
AppleWatch	4
Appleevent2020	7
AppleiPhone	2
Appleios14	1
Applevent	3
ArtificialIntelligence	2
Asia	6
AsianAmericans	1
AskingForAFriend	1
Assetmanagement	1
Astrophotography	1
Astrotech	3
AugmentedReality	7
August	4
Australia	1
AutonomousVehicles	2
Aviptadil	2
Ações	2
B2B	4
BA	13
BABA	5
BAC	7
BAMFunds	2
BBTFamily	4
BBTfamily	6
BCH	1
BIDU	1
BIIB	52
BIONIC	1
BIOTECH	8
BLACKBEANS	1
BLK	2
BLOOMBERG	1
BONDS	2
BOO	1
BOTS	1
BREAKING	4
BREXIT	1
BTC	86
BTFD	2
BTFDER	1
BTS	1
BUBBLENOMICS	1
BULLISH	5
BURN	1
BURNBAR	2
BUSINESS	1
BUY	4
BUYAAPL	1
BUYTHEDIP	1
BYND	4
Baba	1
BabyBoomers	2
BackTest	1
Baidu	4
Bank	1
BarChart	5
BarrettHearing	1
BarstoolSportsbook	2
BattertDay	1
BatteryDay	1
Bbtfamily	1
Beats	5
BeatsFlex	1
BeatsX	1
Beefent	1
BeneathTheSurface	1
Bengaluru	14
Bestseller	1
Betting	1
BeyondMeat	1
Bible	6
Biden	12
BidenHarris2020	2
Bidenbounce	1
Big	2
BigBank	2
BigBillionDays	2
BigFatUglyBubble	1
BigGuyBiden	1
BigTech	22
Bigtech	3
BillsMafia	1
BirthdayCelebration	3
Bitcoin	80
BlackBoxStocks	25
Blockchain	21
BlogSquad	1
Bloomberg	4
BoardSellingStocks	1
Boeing	8
BofA	1
BolsaDeValores	1
BolsaMx	1
Bolsamx	1
Bonds	2
Bonkers	1
BoomerPhone	3
Borat2	20
Bose	2
Bought	2
Bourse	1
BreakUpBigData	1
BreakingNews	9
Breakout	4
Brent	2
BuckleUp	3
BuenDomingo	2
BugBounty	6
BullTrades	4
Bullies	1
Bullish	8
Buy	4
BuyingOpportunity	3
Buythedip	2
Börse	4
CALABAZA	1
CALL	1
CALLS	1
CANCER	2
CASHEDOUT	1
CASHIN	2
CAT	1
CBOE	1
CCL	27
CCPChina	1
CDMX	3
CEDEAR	5
CEDEARs	1
CERB	1
CHANGE	35
CHFJPY	4
CL	2
CLUSTERS	1
CL_F	1
CMBS	1
CMCSA	100
CNBC	17
CNBCTV18Market	1
CORE	2
CORONAVIRUS	5
CORPORATECANKISSMYASS	3
COST	101
COVID	26
COVID19	43
COVIDIOT	1
COVIDIOTS	1
COVID__19	2
CPI	1
CRASHmarkets	2
CRISPR	2
CRUDE	1
CRWD	1
CRYPTO	5
CSCO	101
Call	1
CallOptions	3
Calls	2
Cancer	7
Cannabis	1
CannabisNews	16
Cant	5
CantWin	1
CapitaliseAI	1
Carneasada	1
Cases	2
Cashless	2
CastingStrategies	4
Caterpillar	1
Cedears	16
CentralBank	23
CeramicShield	7
Ceviche	1
Chainlink	1
Change	53
Chapter11	1
ChartPorn	2
Chaulafan	1
Cheapstock	2
CheddarLive	3
Cheers	1
China	25
ChinaJoe	1
ChinaJoeBiden	1
Christian	3
Christmas	12
CierreMercados	5
Citi	30
CitiGroup	2
Citigroup	5
Cleveland	2
Cloud	10
CloudGaming	1
Clouddata	2
Code	50
Communist	1
Company	1
CompresionSemanal	17
ConagraBrands	3
ConfirmationHearing	1
Congo	1
Congrats	2
Congress	3
Consulting	1
ContactTracing	2
Contactless	1
Convention	1
Corning	2
Coronavirus	31
CoronavirusImpact	1
CorruptionKarens	1
Countries	1
CoveredStock	1
Covid	6
Covid19	6
Covid_19	5
CowboysNation	2
Crash	3
CrazyNancy	1
CreditSpreads	3
Cricket	50
CrudeOil	2
Crypto	33
Currency	120
Current	5
Cybertruck	1
DACOSTAASESORES	1
DAL	5
DAX	7
DAX30	5
DAYTRADE	1
DDA	8
DDDD	1
DDTG	6
DFE	1
DFS	1
DGI	1
DGTX	2
DIA	6
DIIJA	1
DIJA	1
DIS	7
DIX	11
DJ	9
DJI	19
DJIA	48
DJX	3
DMYD	2
DNA	11
DOJ	11
DOW	29
DOW30	1
DOYU	6
DXY	3
DYK	1
DailyIOL	2
DailyStkLeaderCount	11
DarkPool	2
Dastraderpro	1
DataScience	15
DayOfTheGirl	1
DayTrade	1
DayTrading	16
Daytader	1
Daytrade	9
Daytrader	16
Daytrading	3
DeFi	8
Deadcatbounce	1
Deathmetal	2
Deaths	2
Debased	21
Debates2020	1
Dell	2
Delta	1
DemarkSequential	1
Democrats	9
DiamondClub	3
DidYouKnow	1
DigitalVideo	1
Digitex	29
DigitexFutures	1
Discord	1
Disney	7
DisneyPlus	2
Disruption	1
Diversification	1
Dividend	4
DividendGrowth	1
DividendInvesting	4
Dividends	1
Dogecoin	1
Dolar	1
DolarBlue	1
Dollar	72
DonJulio	1
DonaldTrump	2
DontAskWhy	2
Dot	1
Dow	5
Dow30	2
DowJones	55
Dowjones	1
DpontBiteYet	1
DraftKings	4
Draftkings	2
Duh	1
DumFukTradingCo	2
DólarBlue	6
DólarMEP	6
E	1
EBRO	1
EEUU	5
EFT	1
EINSTEIN	1
ENG	1
EOS	24
EPR	4
EPS	3
EQUITIES	5
ES	7
ESG	17
ESGinvesting	1
ESPN	2
ES_F	181
ES_Q	4
ET	1
ETB	1
ETF	35
ETFs	29
ETH	63
EURAUD	18
EURCAD	25
EURGBP	17
EURJPY	2
EURTRY	13
EURUSD	67
EV	27
EVs	1
EZJ	2
Earnings	98
EarningsDistortion	3
EarningsSZN	5
EasyMoney	1
EasyResearch	1
EconTwitter	2
Economia	1
Einstein	8
Election2020	10
Elections2020	9
ElectricVehicles	1
ElliottWave	17
Elliottwave	15
ElonMusk	1
Empathy	1
Energy	1
Ep	2
EpicGames	4
Epicgames	3
Equities	1
Equity	9
EricTrumpsUkraineScandal	4
Es_F	1
Escalade	1
Estimates	1
Etf	1
Ethereum	64
EuronetWorldwide	2
Europa	3
European	4
Event	1
Eyenovia	2
F	5
FAAMG	10
FAANG	94
FAANGM	6
FAANGMT	1
FAANGS	2
FAANM	1
FAANMG	8
FAANMTN	9
FAANNMG	1
FAANNMGTs	3
FANG	21
FANGMA	1
FANGMAN	1
FANNG	1
FANTA	1
FATMANG	4
FB	198
FDA	2
FED	1
FF	3
FIBOS	1
FINTECH	1
FINTWIT	13
FIRSTNAME	1
FIVERR	1
FLORiDA	1
FOMO	39
FOREX	9
FREE	3
FRO	1
FROM4	1
FSD	1
FSLY	3
FT71	1
FTNT	1
FTSE	11
FTSE100	6
FUNDAMENTAL	1
FUNDINGSECURED	1
FUTURES	5
FVRR	5
FWSells	4
FX	5
Faang	1
FaceBOOK	1
FaceBook	1
FaceID	1
Facebook	91
FacebookLive	4
FallGuysGame	10
Family	1
FarmersProtest	1
FastMarket	5
FastMoney	1
Fb	12
Fed	13
FederalReserve	8
FelizLunes	4
FelizSabado	3
Fibonacci	2
Fin2209	1
FinTwit	5
FinTwitch	2
FinTwitt	2
Finance	4
Finances	4
Fins	2
Fintwit	4
FireList	1
Fisker	1
FitBit	2
Fitbit	1
FitnessKit	1
FlinkBreakingNews	2
FlowPivots	1
Followmyjourney	2
Fomo	1
Foodie	10
FootTraffic	4
ForTheBrand	1
Ford	30
Forex	32
ForexMarket	14
Forexboss	1
Forextrading	7
Fortnite	5
FoxBusiness	4
FoxNews	1
Foxconn	2
Free	35
FreeMoney	1
Friday	2
Fuelcell	3
FuelcellEnergy	3
FullMoon	1
Fundamental	139
Future	3
FutureFund	1
Futures	324
FuturesTrading	4
GAFAM	2
GAMECHANGER	3
GAMEoverGLOBAL	2
GBPAUD	45
GBPJPY	48
GBPUSD	26
GC_F	1
GDP	3
GDRX	1
GDX	43
GE	3
GER30	14
GGP	3
GILD	2
GLD	1
GLIESECAPITAL	1
GOLD	21
GOOG	116
GOOGL	131
GPOR	1
GRWG	2
GS	6
GSK	1
GUH	2
GW2ALL	1
GWRE	5
Galaxy	1
GamblingTwitter	1
GamePlan	13
GameStop	1
Geconomy	1
Geekbench	1
GenX	3
GenZ	7
GetTheFamilyOn	3
Ghana	2
GiddyUp	22
Gilaspost	1
Glasgow	1
Global	1
GoCowboys	1
God	12
GodIsGood	1
Gold	24
Goldman	2
GoldmanSachs	81
GoodMorning	26
Google	51
GoogleAntitrust	1
GooglePlay	1
GoogleTV	1
Gospel	3
GrandSlam	6
Green	3
GreenToRed	1
Greenpro	3
GregJoswiak	2
Growth	10
GrowthIn2020	1
Gucci	1
Guld	1
Gulfport	2
HAL	3
HCHI	1
HEXO	1
HEYGOOGLE	1
HIV	3
HPPrinter	1
HPchartroom	8
HSI	1
HTZ	1
HUBS	1
Hackers	1
Hacking	2
Haleiwa	2
Halloween	1
HamOnt	2
Hamont	9
HangTen	2
HappyMonday	1
Headphone	4
Hedge	1
HelloMVTeaser	1
HelpHongKong	1
HelpOurHome	1
Herbalife	2
HeySiri	1
HiSpeed	4
HiddenTruth_Of_Quran	3
High	6
HomePodMini	51
HomePodmini	1
Homepodmini	2
HonHai	4
HongKong	1
HopeHicks	2
Horchow	2
HotOptions	21
HotStocks	3
HouseDemocrats	2
Housing	1
HoyaCapital	1
Huawei	1
Hulu	1
HummerReveal	1
HunterBiden	1
Hyundai	1
IAG	1
IBD	2
IBDPartner	2
IBDpartner	1
IBEX35	16
IBM	8
ICO	17
ICYMI	4
ICdailyrecap	1
ICfam	1
ICgreen	1
ICmiddayrecap	2
ICtrade	1
IDEAS	2
IGG	1
IHAVELOSERS2	3
IIOT	16
ILMTraders	2
IMF	4
INCREASING	1
INRG	1
INTC	103
INTU	1
INVEST	1
INVESTING	378
IONS	5
IOTA	1
IOTAAccess	1
IPHONE	2
IPHONE12	1
IPLive	15
IPO	1
IPOB	1
IPOs	1
IPhone	10
IRA	1
IVACC	2
IVGamePlan	20
IWM	1
IYR	41
IcebergdeValor	5
IdéeTrading	2
Immune	5
ImpactInvesting	5
InVOLWeTrust	1
Income	2
Increasing	4
India	28
Indices	13
Indonesia	1
Industrials	2
Inequality	1
Inflation	26
Inflationary	26
InfografíaLifeInvest	7
Innovation	5
InsideDay	1
InsideWeek	1
Insider	14
InsiderFinancial	12
Inspiration	1
InstantPot	10
Intel	8
InternationalPodcastDay	7
InternetUsers	1
Intraday	5
Invest	1
InvestInYou	2
Investing	13
Investment	7
Investors	2
InvestorsAlley	1
IoT	2
Iphone	3
Iphone12	5
Ipo	4
IqOption	1
ItsUp	1
JD	2
JILL	3
JKS	1
JMindex	2
JNJ	5
JOVRNALISM	3
JamesBond	3
JeffBezos	1
Jesus	18
Jets	2
Jill	4
JimmyChillKnows	1
Jobs	2
JoeBiden	2
JoeBidenIsAMummy	1
JoeBribem	2
JohnsonJohnson	4
JoinTheHype	8
JonStewart	1
Jordan	6
JpMorgan	1
JugarseLaPiel	6
JustSayin	1
JustSaying	1
JustTheBeginning	4
JusticeForSSR	1
K12	1
KMB	1
KO	1
KaixinAuto	2
KawanEnergi	4
Kazonomics	31
Kbe	1
Kenya	2
Keynote	2
KnowThyself	1
Korea	3
Korean	4
L	1
LC	5
LFGM	1
LG	50
LIE	1
LINGUICA	1
LIVE	1
LIZJNY	7
LMFunding	3
LMND	1
LOGI	2
LOL	1
LONG	2
LTC	7
LULU	2
LVGO	2
LadeBackkTrading	2
LandslideTrump	1
LaserDicks	1
LatestComments	1
LeaderPullBack	5
Leadership	2
LeagueOfLegends	1
LeagueofLegends	2
LeagueofLegendsWildRift	1
LearnToTrade	5
LearnWithPAL	18
LecturaRecomendada	2
LeverageShares	1
Leveraged	1
LiDAR	3
Lianluo	3
Lidar	1
Like	2
Lilly	4
LinkInBio	1
LinkTree	1
Lithium	5
LiveStream	2
Livestream	22
Lizhi	5
LoadingZone	1
LockTheFloat	4
Logitech	2
Lonestar	2
LongIdeas	1
Lotto	1
LottoFriday	1
LottoTickets	1
Love	1
LowFloat	8
Lunchtime	23
Luxury	1
M	5
MAGA	52
MAGSAFE	2
MAIN	5
MAKINGMONEY	2
MARKETS	2
MBMFA	1
MELI	3
MEP	5
MERVAL	17
MES_F	24
ML	1
MMM	1
MOMO	1
MONDAY	2
MONEYMONDAYS	1
MONOCLONAL	3
MR	1
MSFT	211
MT4	6
MU	100
MUFC	1
MULTIPLES	1
Mac	4
MacAppStore	1
MachineLearning	4
MadeinUSA	2
MagSafe	5
Magictickers	1
MakeAmericGreatAgain	1
MakingMoney	2
Malawi	2
Malls	2
Manhattan	1
March	1
Marin	2
Market	13
MarketBreadth	1
MarketLive	2
MarketNews	1
MarketOutlook	50
MarketOverView	4
MarketOvertime	3
MarketProfile	8
MarketUpdate	4
MarketWatch	4
Marketing	2
Markets	7
MasterCard	2
Medalist	3
Medigus	4
Mensfashion	14
Mercados	2
MercuryRetrograde	2
Metals	1
MetroPCS	50
MicroOLED	22
Microsoft	75
MidDayTrade	6
MissionProduce	2
MixedReality	3
MnuchinPump	1
MobileCloser	7
MobilePayment	1
MondayMood	2
MondayMorning	3
MondayMotivation	3
MondayMotivaton	1
MondayReport	3
MondayWatchlist	2
Mondaythoughts	4
Money	2
MoneyFlow	1
MoneyLine	2
MoneyMaker	2
MoneyMakingMonday	1
MoneyMonday	1
MorningTradeLive	5
Moses	6
Motivation	3
MotivationMonday	3
MotivationalQuotes	2
Movers	5
MovingTheBigGuysToday	1
Multiples	17
Muscle	1
MutualFundsSahiHai	2
MyTradeJournal	1
NAK	2
NASA	2
NASADAQ	1
NASDAQ	602
NASDAQ1	48
NASDAQ100	201
NASDAQ2	52
NASDAQAAPL	5
NASDAQGOOG	2
NASDAQGOOGL	1
NASDAQMSFT	1
NASDSAQ	4
NATGAS	1
NATO	1
NBA	2
NBCUniversal	1
NCLH	6
NCTM	2
NCYT	2
NDAQ	3
NDX	36
NEW	1
NEWS	360
NFL	3
NFLPicks	1
NFLX	159
NFT	1
NGTF	3
NHS	2
NIKKEI	9
NIO	9
NNDM	1
NORAD	1
NOT	7
NOTCH	1
NOVO	1
NOW	1
NPOradio1	1
NQ	13
NQ_F	84
NQ_f	1
NSA	1
NTG	1
NVDA	129
NVIDIA	3
NYC	2
NYSE	144
NYダウ	1
NZDCAD	27
NZDUSD	6
Naked	3
Namibia	2
NancyPelosiTakeTheDeal	1
NanoDimension	2
Nasdaq	70
Nashville	1
Neckline	23
Negocios	1
NetZero	2
Netflix	24
NeverBuyOnFriday	1
NewVideoAlert	2
NewiPhone	2
News	7
Ninja	10
Nio	4
NoChargerGate	13
NoOneKnew	2
NoStimulusNoVote	1
NoTimeToDie	1
Nobrainer	1
Noctuanews	3
North_Shore	2
NorthernTradingGroup	1
Not	76
Notch	5
Notched	1
Note20	1
NothingBurger	1
NothingMatters	1
NoticiasTF	1
Novan	3
O	1
OATT	18
ODFL	1
ODX	2
OIL	10
OMG	1
ONE	4
OOF	2
OOTT	29
OPEC	9
OPTI	1
OPTIONS	3
OPTIONSTRADER	5
OSIRISREx	2
OTC	24
OTCMKTS	2
OTCMarkets	5
OXLC	5
OasisPetroleum	6
Oct13th	1
October1st	1
OculusQuest2	1
Oil	1
OlympTrade	1
Ons	31
Op1	1
Opportunity	1
Optec	3
OptionGrail	4
OptionTrade	1
Options	1059
OptionsBBQ	2
OptionsFlow	926
OptionsPlaybookRadio	3
OptionsTrading	1023
Our1929	1
OutsideDay	1
Overwatch	10
P	2
P3U	3
PAY	1
PAYtience	2
PC	5
PENN	1
PENNYSTOCKS	3
PEP	5
PEratio	1
PFE	1
PGA	1
PGA出金できました	1
PGA出金停止	1
PGA詐欺	1
PINS	6
PIPS	31
PISTA	2
PK	5
PLUG	3
POLR	1
POTUS	2
PPAP	2
PPSI	1
PR	12
PREMARKET	1
PREMARKETSCAN	1
PRIMEDAY	1
PROFITPORN	1
PRORAW	3
PS5	6
PS5reveal	3
PTON	7
PTP	1
PUMP	1
PUTS	1
PYPL	102
PYPL_USD	1
PYTHON	274
PageOne	4
Pairtrade	2
Palantir	1
Pandemic	3
Parallels	1
Patent	1
Patience	1
Patient	1
PatternMemory	1
PayPal	2
Peacock	1
Peing	1
Pelosi	4
Peloton	1
Pennystocks	4
Periscope	24
Peso	1
PharmaMar	1
PhysicianLeaders	1
PiNetwork	2
Pinterest	3
Piper	1
PiperSandler	1
Pixel5	1
PlanYourTrades	13
PlayStation	6
PlayStation5	3
PlayoftheDay	2
Podcast	3
Politics	1
PotD	2
PoweringtheProfession	1
PreMarket	4
PreMercado	3
Premarket	7
Premium	3
PresidentTrump	2
PresidentialDebate2020	31
PresidentialElection2020	1
PriceAction	19
Prices	5
Pricing	1
PrimeDay	32
PrimeDay2020	17
PrimeDayDeals	2
Privacy	1
ProRaw	1
ProductLaunches	2
ProluxRE	1
Psychology	1
PumpIT	1
PupChart	2
Pure	3
PuroAceAgro	13
PutSzn	2
Puts	1
Python	5
Q3	2
Q4	1
QCOM	100
QE	1
QQQ	9
QRCode	2
QTS	2
QUAD4	2
Qualcomm	1
Quant	24
Quantumscape	2
Quartalszahlen	1
Quibi	1
QuibiFail	2
RAVN	5
RBC	1
RCC	4
REC	1
RECAITO	1
REGIME	35
REITs	4
RESP	3
RETO	2
RIOT	1
RIP	2
RISKY	1
RNC	1
ROKU	1
ROLLiN	1
RR	2
RS	1
RT	13
RTY1	1
RTY_F	3
RUT	19
RVOL	2
RalphNader	1
Rawhide	14
RealEstate	6
Recommendations	1
Recommended	21
RecoveryTrade	2
Red	1
Redwave	1
Regime	53
Remdesivir	1
Reminder	1
Rental	1
Repsol	1
Republicans	2
Reserve	2
Retail	1
Retirement	1
Rising	2
RoadTo3500	1
RoadToMillions	1
RobinHood	1
RobinHoods	1
RobinStupid	1
Robinhood	32
RobinhoodTraders	7
Robots	1
Rocket	1
Rocktober	2
RollsRoyce	1
Ronaldo	4
RottenApples	1
Runner	6
Russell2000	4
Russia	4
S	19
SAND	1
SAP	5
SBSP3	1
SBUX	1
SCHWING	1
SCOTUS	1
SE	8
SEC	3
SELL	1
SERVERLESS	276
SFGiants	1
SGBlocks	3
SHOP	12
SHORT	39
SHT	6
SIC	6
SILVER	11
SI_F	1
SL	2
SLOPEOFDOPE	1
SMWH	1
SNAP	4
SNOW	1
SNP	1
SOLAR	2
SOM	1
SONO	2
SONY	10
SOUTHERN	1
SOUTHERNCRAFTRADIO	1
SP500	332
SPCE	3
SPIEnergy	1
SPOT	5
SPSY	1
SPX	64
SPX500	6
SPY	96
SQ	3
SR	1
SRNE	1
SSON	1
START	2
STARTUP	24
STIMULUSCHECK	2
STIMULUSPACKAGE	6
STOCK	3
STOCKMARKET	3
STOCKMEUP	1
STOCKS	327
STONKS	1
STockMarket	1
SaaS	6
SamTheMan	1
Samsung	56
Sandbox	1
SargeEdge	1
SaturdayMorning	19
SaturdayMotivation	19
SaturdayVibes	17
Sbux	2
Scatecsolar	1
Schools	2
Schwing	1
Scrantonstrangler	1
SeaGroupMagic	2
Security	2
SellEm	1
SellTheNews	3
SenseiSundays	4
SentimentGauge	2
Shoppers	2
Short	132
Shorting	3
Shorts	1
ShroomBoom	14
Signals	20
Silver	9
Sinaloa	2
Siri	9
Skype	1
SmallCapStrong	1
Smart	1
SmartGlasses	13
SmartMoney	1
SmartSpeaker	1
Snap	8
Snapchat	1
SnappyTrading	1
Snowflake	5
SoFarVeryWrong	1
SocialNetworks	2
Socialism	1
SocketMobile	2
SoftBank	1
Software	1
Solar	1
Solaria	1
Sonos	3
Sony	19
SonyXperia	1
SoyCDI	2
SoySTA	1
SoyTrader	1
Spacs	5
Spain	9
Sparplan	5
Spce	1
SpearTrades	1
Spending	3
SpringBoard	1
SprzedażDetaliczna	1
Spy	1
SquaredFinancial	2
StCharlesWealthManagement	1
StackingSATS	1
Staffing	1
StarTrekDS9	2
Starbucks	1
Starcraft	2
Starlink	1
StashStockParty	203
StayGreen	30
Steve	1
SteveJobs	17
SteveJobsDay	1
Stimulus	12
StimulusNow	1
Stock	42
StockAlert	4
StockChart	6
StockDweebsFanClub	2
StockMarket	485
StockMarketNews	4
StockMarketPredictions	1
StockNerds	3
StockNews	5
StockOptions	2
StockPortfolio	2
StockSplit	20
StockTrading	11
StockTwitter	1
Stockmarket	6
Stocks	193
StocksInFocus	2
StocksToBuy	1
StocksToTrade	15
StocksToWatch	1
StockstoBuy	4
Stocktrading	1
Stonks	1
Stranglehold	1
StreamingServices	1
Strength	87
StrukturierteProdukte	3
Success	1
SundayFunday	1
SundayMorning	3
SuperCycle	4
SupplyChain	2
Surged	1
Sweepstakes	1
Sweet	1
SwingFaus	1
SwingTrades	3
SwingTrading	5
SymmSight	1
SympathyCard	1
T	1
T2108	2
T3T	1
T5	1
TAANG	1
TALA	1
TCS	2
TDAEdcuation	1
TDAEducation	4
TECH	52
TGIF	2
TGR	2
THEBESTORNOTHING	3
THREE	1
THRIVER	2
TILS	1
TIMAPPLE	2
TIME100	1
TMO	5
TODAY	4
TRADE	1
TRADING	3
TRADINGTIPS	1
TRICKTRADES	73
TRMX	14
TSLA	184
TSMC	3
TSX60	1
TTD	2
TTRPG	3
TWLO	4
TWO	10
TWTR	6
TaaJ	1
Tacos	1
Taiwan	2
Target	1
Teal	2
Tech	31
TechNews	2
TechTuesday	1
Technical	53
TechnicalAnalysis	17
Technologia	2
Technology	11
TechnologyStocks	1
Tecnologia	1
Tecnología	2
Tecnológicas	3
Tehran	1
TelemedNow	3
Tesla	39
Textbook	12
ThanksMom	1
Thanksgiving	12
TheAdvisorsOption	1
TheDawieSetup	1
TheFinalBar	16
TheFuture	1
TheLavaGhost	1
TheLeague	2
TheNew	1
TheNiftyFive	1
TheOne	1
TheOptionBlock	2
ThePurge	1
TheStrat	6
TheWatchList	6
Thestrat	1
ThingsStockBrokersSay	2
ThrowbackThursday	1
Thursday	1
ThursdayMotivation	6
TicTok	1
TikTok	1
Tiktok	5
TimCook	3
TimeAndMoney	2
Titan	1
Tmobile	50
TodaysTrade	1
Tokyo	1
Tokyo2021	20
TonyFadellIOS14WantedAliveVirtualRevard10AAPL	2
Toobin	1
Top10	1
Top3Tickers	1
Top5ThingsToKnowThisWeek	58
Top5ThingsToWatch	9
Top5ThingsToWatchToday	2
TopStocks	1
TopStories	2
TotalStockMarket	1
TouchID	1
Trade	2
TradeAlert	3
TradeIdea	6
TradeNote	3
TradeTalks	2
TradeUP	101
Tradeideas	1
Trader	1
TraderWisdom	2
Traders	7
TradersEdge	2
Traderslife	2
Trading	132
TradingAdvice	1
TradingEducation	1
TradingIsEasy	1
TradingNation	1
TradingSignals	1
TradingStrategy	1
TradingView	1
Tradingview	1
Traffic	2
TrendFollowing	1
Trendfollowing	2
TrendyLIVE	1
Tricktrades	3
Trump	42
Trump2020	1
Trump2020Landslide	1
TrumpCovid	5
TrumpCovid19	1
TrumpHasCorona	1
TrumpHasCovid	26
TrumpIsTheGreatestPresidentInHistory	1
TrumpMeltdown	25
TrumpPence2020	1
TrumpVirus	1
TrustTheProcess	1
Tsla	1
Tuesday	6
TuesdayThoughts	6
TuneIn	6
TweetsThatAgedWell	1
Tweetulares	3
Twilo	3
Twitter	9
UAL	5
UBER	2
UBI	1
UFC	1
UFC254	2
UFCFightIsland	2
UK	1
UNDERVALUED	1
UNG	1
UNH	6
UOA	13
UPS	4
US	10
US100	2
US10Y	1
US500	1
USA	56
USAWEED	16
USB	6
USD	6
USDCAD	12
USDCHF	6
USDJPY	38
USDTRY	7
USDollar	173
USElection2020	2
USMarkets	1
USPS	5
USindexes	2
UVC	3
Unbranded	2
Uncategorized	1
Undervalued	17
UnpopularOpinion	1
UnusualActivity	34
Update	40
Usmarkets	3
V	6
VC	1
VIP	1
VIX	2
VOO帝国軍	1
VOTE	1
VR	14
VTLF	1
VWAP	3
VZ	2
Vacation	1
VacationRental	1
VacationTime	1
ValEuropeen	2
ValdEurope	2
ValueArea	1
ValueInvesting	5
ValueStock	2
Vanguard	1
Varchev	2
VarchevFinance	2
Varta	2
Verizon	4
Versace	1
Veterans	1
Video	1
Vietnam	1
Vimeo	1
Viop30	14
VirtualReality	8
Visionarios	1
Volatility	7
VolumeProfile	3
Vote	2
VoteEarlyDay	1
VoteTrump2020	2
W	2
WALLST	1
WALLSTREET	12
WATCH	1
WEBEX	1
WEBULL	1
WEEKLYCOMIC	184
WEF	1
WFC	3
WIX	1
WKHS	5
WOKEisBroke	1
WTI	27
WTO	2
WWR	1
WakeUpWithCheddar	2
WalkAndTalk	3
WallStreet	47
Wallmart	2
Wallstreet	3
WarrenBuffet	3
WarrenBuffett	2
WatchList	1
Watchlist	14
Waterfilter	10
WeAreDayTraders	5
WeThePeople	1
Wearable	2
Webull	26
WednesdayThoughts	3
WednesdayWisdom	3
WelcomeBackKotter	1
WelcomeToTheWatchlist	1
Westwater	3
Whale	2
WhatsApp	3
WheresMyCheck	1
WhipSaw	2
WiN	1
WiadomościEtf	1
WiadomościRynkowe	8
Windows	4
Windows仮想マシン	1
WinningWednesday	2
Woke	2
WokeStatus	2
WomensHealth	1
Workhorse	8
WorldWideWeb	2
WuhanVirus	1
XAUUSD	6
XLE	28
XLK	1
XME	28
XONE	5
XR	1
XRPCommunity	2
XboxGamePass	4
Xcode	3
Xiangtai	1
YM_F	4
YNWA	3
YahooFinance	3
Yahooニュース	1
Yield	1
YouTube	11
Youtube	12
ZB_F	1
ZEW	8
ZM	13
ZTE	50
Zaddy	2
ZonaValue	4
Zoom	8
Zoomtopia	2
aapl	297
aaple	6
abuses	1
acciones	7
accionesamericanas	1
accumulation	1
action	1
actualité	1
ad	4
ada	5
addalert	1
adoption	1
adspending	1
advertiser	1
advertising	1
advisors	1
afterhours	1
afyon	224
ainafin	2
airdrop	74
airline	1
airtags	1
aktien	2
al30	19
al30D	18
alert	3
algo	1
algotrading	1
allmanbrothers	12
alphacharts	1
altın	31
amIDiversified	1
amazon	42
amazonvestlife	1
amd	2
amdiversified	1
america	1
americandreams	1
amex	1
amidiversified	19
amzn	40
analysis	2
androidisbetter	1
antfinancial	1
anticipation	1
antitrust	7
antivaxxer	1
app	2
apple	324
apple_inc	3
applebooks	2
applecard	1
appledaily	1
appleevent	17
appleindia	1
applepay	1
applepods	1
applestock	2
appletv	3
applewatch	4
applewatchseries6	1
appstore	5
arca	1
art	5
asheville	12
assets	2
aswan	224
athome	1
audnzd	1
audusd	3
automotive	2
autonomous	2
auvoria	5
auvoriaprime	5
azioni	1
baba	1
backtesting	1
bacon	1
bad	3
bae	1
banasiak	1
banjul	224
banka	17
banking	1
banknifty	2
barka	224
barstoolsports	1
basket	2
bbvpro	1
bch	6
bear	1
bearish	2
bearishpattern	1
bears	2
benfordslaw	2
benzyMoron	1
bestever	2
betategting	1
betatesting	1
betting	1
biden	4
biden2020	2
big_tech	1
bigdata	124
billboard	1
billionaire	1
biotech	36
birthday	3
birthdayboy	3
birthdaywishes	3
bist100	1
bist30	1
bitcoin	293
bitcoinETF	9
biz	1
blackbobbyaxe	1
blackbox	1
blackboxstocks	1
blackfriday	14
bladdercancer	1
blm	1
blockchain	28
blockchainnews	1
blog	2
bloody	1
blue	1
blues	12
bluesrock	12
bluewave	1
boat	1
bolsa	1
bolsamexicana	1
bolsamx	11
bonds	12
boohoo	3
boohoocracker	1
boohoomanxburnaboy	2
bourse	2
boursière	1
brand	1
brandvalue	1
bravo	1
breakingnews	6
breakout	2
brexit	1
brokenwingbutterfly	1
broker	5
bse	1
btc	20
btfd	3
bubble	2
bubbleboard	1
bubblicious	4
buffett	3
buildwealth	1
bull	2
bullflag	2
bullish	16
bulls	1
bullseyetrades	1
business	50
businessNews	1
businessmodel	1
businessnews	20
buy	3
buy_progz	1
buybacks	20
buyout	12
buythedip	3
bz	11
börse	16
c	1
call	2
calls	6
calx	1
can	2
cancel	1
cancerstocks	1
candle	54
candlecombo	2
cannabinoids	1
cannabis	1
capitalflow	1
cardano	3
cartera	1
cases	2
cash	2
catalyst	1
cbi	1
cbidojusticeforssr	1
cedear	1
cedears	1
ceo	5
change	7
chart	6
chartcheck	1
chartist	1
chartoftheweek	3
chartporn	1
charts	21
chartupdate	3
chernihiv	224
chinastocks	1
chromebook	1
claims	1
claves	6
cldr	1
cleanenergy	1
clf	1
climatechange	1
cloudbreakabove	3
clueless	1
clutchtime	1
cnbc	14
coinbase	11
college	2
comedygold	1
comeon	1
commercial	5
commodities	3
computers	2
conferenceapple	1
conman	1
console	3
consumers	4
content	4
contest	1
coordinates	1
corona	1
coronavirus	28
cosmos	3
coup	1
covid	1
covid19	17
cpap	2
crash	1
crazynancy	1
create	5
credit	1
crm	1
crude	2
crudeoil	40
crypto	30
cryptocurrencies	7
cryptocurrency	32
cryptos	1
cryptotraders	2
cupertino	1
cure	1
currency	2
current	83
curved	1
customerservice	3
cybermonday	1
cybersecurity	5
dad	2
darkpool	9
darkpoolcharts	1
data	2
dataviz	1
davesplay	2
dax	3
daytrade	5
daytrader	7
daytraderlife	2
daytrades	1
daytrading	212
ddtg	29
deals	56
dealsandsteals	2
deaths	4
debased	2
debates	2
declive	1
decor	2
defi	16
dell	2
demand	1
democraticParty	1
democrticparty	1
demtards	1
desempeño	1
design	3
desks	2
deza	5
dgtxcity	1
dia	2
diamanter	1
difficult	1
digital	7
digitalbanking	1
digitalmarketing	7
digitalvideo	2
disappointed	1
discord	3
disinformation	5
disn	1
dividend	3
dividends	3
dji	7
dkng	3
dolar	4
dominantfemale	1
dominate	1
dontfightthefed	6
dow	2
down	2
draftkings	1
dtilmtradersAAPL	2
dva	1
eA	1
eBay	2
eStocks	1
earbuds	4
earnings	860
earningschallenge	30
earningsplays	1
earningsrun	1
eastnashville	12
eat	1
ebooks	2
echo	1
ecommerce	3
economicnews	10
economics	35
economist	15
economy	23
educational	1
el	1
election	1
election2020	1
elections	2
electricvehicles	2
electronicvehicles	1
elliottwave	2
elonmusk	1
elquedarecibe	1
endeks	17
ending	1
enough	1
entertainment	289
equities	8
equity	10
equitytrading	1
es_f	29
estate	1
et	1
eth	6
ethe	4
ethereum	25
eurjpy	1
eurnzd	1
eurusd	4
ev	1
eventrunup	1
expat	1
fB	1
faang	7
faangreport	4
faangstocks	1
facebook	4
fail	1
fakepatents	2
fallingwedge	1
fanbase	2
fang	2
fashion	14
fashow	4
fastgraphs	4
fat	1
fb	9
fed	16
feedly	3
ferci	1
fillings	5
finacialmarkets	1
finance	81
financenews	26
financetwitter	2
financialeducation	12
financialfreedom	1
financialliteracy	1
financialliteracypodcast	1
financialnews	2
finanzen	6
findom	1
finlit	1
finserv	1
fintech	8
fintwit	56
fintwitter	32
finviz	1
fire	5
fisker	1
fiskerocean	2
fitness	1
flamethrower	1
flat	1
floatlockage	42
fon	1
footfettish	1
forex	62
forexlifestyle	5
forexnews	3
forexsignals	26
forextrader	1
forextrading	1
fortheboys	1
foxbusiness	2
foxconn	2
fraapc	2
france	2
free	50
freealerts	1
freemoney	2
freestockwatchlist	1
fridaymorning	1
fridaypayday	1
frontrunner	1
fsly	3
fuck	1
fuelcell	1
fuelcells	2
fundamental	10
funds	2
funny	1
furu	1
futures	67
fx	57
gadget	2
gadgets	36
gains	2
gaintrain	1
games	1
gamestop	2
gaming	4
ganancias	3
gang	1
gap	4
gapup	3
gartner	1
gbpusd	4
gdp	15
geektech	5
getthatshit	1
gibson	12
giddyup	3
giveaway	1
goBirds	1
goKyle	3
gold	29
gomobilecloser	3
gooddollar	2
goodmorning	2
goog	2
google	7
googleplay	1
graphite	1
green	9
greenmonday	1
growth	6
growthstock	1
growthstocks	1
grufity	2
gsx	2
gucci	1
guitar	12
haldwani	223
halftimeReport	1
halloween	1
handoff	1
havacılık	17
headphones	1
health	1
heartattack	1
hedgefund	25
hedgefunds	1
hedging	3
helpme	1
himalaya	3
himalayaやろうぜ	3
hispeed	1
hisse	17
home	2
homeoffice	1
homepodmini	2
hotstocks	2
housing	2
howto	11
htz	2
huge	1
hungrier	1
hustle	2
hydrogen	3
hype	1
iLoveTMobile	1
iMac	1
iOS	14
iOS14_2PublicBeta3	1
iOS_14_2PublicBeta4	1
iPad	3
iPads	1
iPhone	236
iPhone11	2
iPhone11Pro	1
iPhone11ProMAX	1
iPhone11ProMax	7
iPhone12	376
iPhone12Launch	1
iPhone12Mini	1
iPhone12Pro	83
iPhone12ProMax	25
iPhone12Series	2
iPhone12TH	6
iPhone12Th	1
iPhone12event	2
iPhone12mini	27
iPhone12pro	1
iPhone13	2
iPhone5G	11
iPhone5s	1
iPhoneEvent	2
iPhoneX	3
iPhone_X	2
iPhoneblue	1
iPhonemini	1
iPhones	8
iWeekLSA	1
igotmoney	1
iiot	45
immune	2
imo	2
implied	2
improvelife	1
income	5
incompetent	1
increase	5
indexes	1
indianapolis	224
indices	5
indoor	1
inflation	8
innovation	14
insdie	2
inside	3
insiderfinancial	10
inspiration	7
insurance	1
intc	1
intel	1
interests	1
intown	2
inversores	1
invertir	1
invest	34
investing	205
investingnews	1
investingtips	8
investment	16
investments	5
investor	5
investors	27
investujemeshonzou	2
ios	27
ios14	2
iphone	118
iphone11	2
iphone12	42
iphone12Pro	1
iphone12max	1
iphone12pro	10
iphone12promax	1
iphone13	1
iphone4	1
iphone5	2
iphoneSupercycle	1
iphoneday	1
iphonemini12	1
iphones	10
iphonese2020	1
ipnff	1
iqv	1
ira	2
ironicyear2020	1
irony	1
itc	1
itsaphone	1
jam	12
jamband	12
jerseyfistpump	1
jobs	16
jobsearch	1
joeBiden	1
joeChina	1
joebiden	2
joinus	1
journalism	3
jpm	2
jtech	3
juice	1
justblog	2
justinbeiber	1
kamala	1
kanchipuram	224
katyperry	1
ked	1
keepitgreen	2
keithmccullough	1
keynote	1
keytohappiness	1
kindle	1
know	1
ko	1
krankzaudio	1
kt	2
ladydaytraders	1
ladytraders	1
leaps	2
lesaffaires	2
lesson	2
letsgetit	1
letsgrow	1
letthissinkin	1
level2	1
levels	1
libtards	1
lidar	1
like	1
link	2
listentothis	25
lit	3
lithium	11
livestream	2
livetrading	18
llnw	1
lockdown	1
londrina	224
longing	1
longterminvesting	1
looking	1
loophole	1
lotto	1
lottofriday	3
lottos	2
love	4
loveiphone	1
lowlife	1
lulu	1
luv	2
luxury	14
mAbs4All	13
macOS	10
macOSBigSur	1
macapps	1
macbook	36
macinasnap	2
macmini	3
macos	1
macpro	3
madtweet	1
maga	10
magictickers	5
magsafe	1
malls	1
mania	2
marajuana	2
marines	1
market	132
marketcrash	2
marketinternals	49
marketnews	1
marketopen	1
marketprofile	37
markets	46
marketselloff	1
marketsentiment	1
marketshare	1
masochism	1
maxpain	80
media	3
mega	3
meli	1
menswear	14
mentor	2
mercados	2
merger	12
merval	1
microsoft	35
microtransactions	1
microvision	42
midcap	2
midcapmutualfunds	2
military	1
millionaire	2
minute	1
mistake	1
mixed	7
mj	5
moat	1
mobile	4
mobilecloser	3
mobilepayment	3
mobilesecurity	14
moderna	2
modernslavery	1
mondayoptions	1
mondaythoughts	3
money	23
moneytwitter	2
monopoly	3
mortgages	1
msft	2
music	298
musicindustry	6
musicnews360	236
musicvideo	26
mvis	52
myTradesignals	2
nailedit	1
nancypelosi	3
nancypelosy	2
nasdaq	20
nashville	12
negotiation	1
neonode	6
netflix	13
new	1
newphone	2
news	81
nfl	13
nflx	34
nice	1
niet_in_journaal	1
nieuwsuur	1
nifty	2
nifty50	1
nikola	1
nio	2
nkla	1
noLeechWed	1
noshorttuesday	1
notch	2
note	1
nowonder	1
nq	4
nq_f	1
nse	1
nube	4
nvda	8
nyc	1
nyse	8
oakland	224
obamaJr	1
oblg	1
ocr	1
octoberearnings	1
oil	6
oldpeoplesex	1
one	2
oneuptrader	1
oppo	5
option	4
optionalerts	2
optionflow	3
options	125
optionsexpiration	1
optionsflow	4
optionstrade	793
optionstrading	13
optiontrading	102
oracleszn	4
orangeCoin	1
osupdate	2
otc	2
otcqb	2
outdoor	3
pacificblue	1
painshield	1
pandemic	8
pandemic2020	1
parents	2
partisan	1
patek	2
patentTrolls	2
patents	40
patentsmatter	23
patience	1
patterndaytrader	1
pdt	1
pelosi	1
pence	1
pennystock	55
pennystocks	86
people	1
persistence	3
pfe	1
pharmaceutical	21
phones	2
photography	2
piece	2
pins	1
planthetrade	1
pm	1
podcast	17
popping	1
portfolio	4
portfolios	4
positions	1
positive	1
potus	3
powell	1
powergap	1
preciousmetals	1
premarket	14
premarketscan	1
preopen	1
price	80
priceless	1
pricetoearnings	1
primeday	5
privacy	1
prize	1
process	1
productRed	1
profit	2
profitable	1
proluxre	1
properties	5
property	1
ps5	7
pton	3
put	2
puts	3
putting	1
puzzle	1
pypl	2
python	17
qe	1
qqq	3
quibi	1
quoteoftheday	2
quotes	4
raydex	2
realestate	5
recommended	3
red	3
regime	6
relative_strength	2
relax	1
remdesivire	1
remotelearning	1
reopening	2
replacementcycle	1
research	1
residential	3
resist	9
retailers	1
retention	1
retirement	1
retweet	1
rialzo	1
rich	1
ridethe9	1
ridiculous	1
ripple	3
rising	1
riskmanagement	4
robinhood	9
robonhood	2
roku	1
roth	1
rrgchart	1
rt	1
rudereport	2
samsung	2
sarcasm	3
scalp	1
scalping	3
scam	1
school	4
scoop	1
se	1
search	1
sec	1
sell	2
sellersagent	1
selloff	1
sellthenews	1
sendit	1
sentiment	3
serverless	3
sgxnifty	1
shakira	1
shamwow	1
sharecare	3
shares	2
shop	2
shopping	63
short	1
shortaapl	1
shorts	1
signaljumper	1
silver	15
singlestockETPs	2
siri	1
sissycuck	1
skew	2
skyy	1
smallcaps	2
smallyoutuber	1
smart	1
smarthome	1
smartspeaker	1
smma	1
snap	2
soar	2
social	1
socialmedia	1
software	6
solar	1
solidstatebattery	1
sometimesyoulose	1
sp500	5
spacs	1
spaq	3
spark	3
spce	2
speakers	1
sports	1
spreadbox	2
spreads	3
spx	6
spx500	1
spy	12
startup	28
status	1
stevejobs	2
stevewozniak	3
stillworkfromhome	1
stimulus	28
stimulusbill	1
stimuluspackage2020	1
stock	226
stockMarket	5
stockTrading	4
stockamarket	2
stockanalysis	2
stockchart	1
stockinvesting	1
stockinvestor	2
stockmarket	274
stockmarket2020	2
stockmarketnews	7
stockmarkets	7
stockmatkets	1
stocknews	4
stockoptions	4
stockoptionsflow	2
stockpicks	1
stocks	1284
stocksinnews	6
stockstobuy	25
stockstowatch	131
stocktalk	1
stocktips	2
stocktrading	12
stockwatch	1
stonks	11
stop	1
stopflushing	1
stoploss	1
story	1
streaming	9
streamingservice	1
streamingservices	1
strength	4
structuredproducts	5
study	1
style	14
subscribe	4
success	1
supercycle	2
superjueves	1
supply	1
supplychain	1
supportandresistance	1
sus	1
swing	2
swingtrade	5
swingtrader	3
swingtrades	1
swingtrading	9
swpats	2
tEcH	1
targetprice	1
tavalisse	1
tax	1
tc2000	4
tdameritrade	1
teal	2
tech	32
technewsapp	2
technicalanalysis	7
technology	299
techshares	1
techstock	1
techstocks	5
tecnológicas	3
teknoloji	17
telehealth	15
telemedicine	3
tendies	1
tesla	23
teslabatteryday	1
test	1
thanksgivingCanada	1
theStrat	2
thegameneeds	1
theoneandonly	9
theraputic	2
thetanetwork	1
think	1
thinkaboutit	1
thinkorswim	2
threats	1
three	2
thuglife	1
thursdaymorning	4
tiltrules	1
timapple	1
timcook	4
timpool	1
titanic	1
today	2
together	1
tomochain	3
tomorrow	1
toobinzoom	1
toomanychoices	1
toprintoo	16
tqqq	1
trade	41
tradefromanywhere	3
tradeidea	1
tradeideas	2
tradepods	1
trader	7
traders	4
tradertvshawn	1
trades	1
tradetheplan	1
trading	242
tradingClubMx	1
tradingenvivo	2
tradingoptions	1
tradingplan	1
tradingpsychology	4
tradingsignals	1
tradingstocks	2
tradingtips	7
tradingtools	2
tradingview	2
travel	4
treasure	1
trend	2
trendfollowerplan	1
tricktrades	1
trmx	4
trump	23
trump2020	1
trumphascovid	3
trumpslump	1
trust	1
trx	6
tsla	19
tslaq	3
tuesdayVibes	2
tuesdayvibes	1
tweetfeed	1
tweetulares	1
twiiter	1
twitter	1
twtr	1
tyi	1
unemployment	3
unfair	1
uni	1
uniswap	42
unlock	50
up	4
update	1
upgrades	8
uptrend	10
us	2
us100	2
us30	1
usa株	1
usd	1
usdcad	2
usdchf	3
usdjpy	3
usdtry	1
usoil	37
uşak	224
v	1
vaccine	6
valores	1
value	3
valueinvesting	10
valueinvestor	3
vendor	1
verizon	1
very	1
video	6
videocontent	1
videogames	1
vin	1
viral	5
vix	1
volatility	9
vordeniPhones	2
vorderKeynote	2
vplm	23
vulnerabilities	6
wakeup	2
wallet	1
wallst	1
wallstreet	9
wallstreetbets	35
wallstreetjournal	3
watchOS	9
watchOS7_0_2	1
watchlist	8
waveII	2
waveIV	2
wealth	3
wearable	7
wearables	6
webcams	2
webull	1
wednesdaymotivation	2
weed	2
week	5
weeklyOptions	1
weeklyplan	1
weeklytop5picks	2
wei	2
wellness	1
wellsfargo	1
whitehouse	2
whithey	1
whole	1
whomper	1
win	1
wirtschaft	6
wishlist	12
wmz	1
womendaytraders	1
won	6
workFromHome	1
workhorsegroup	1
worldtravel	1
wyy	2
xagusd	18
xauusd	32
xlf	1
xlk	1
xrp	26
xrpcommunity	3
xu030	1
xu100	1
yanggang	8
yatırım	1
yatırımfonları	1
yellow	1
yeti	1
yield	1
youtube	27
zcash	3
zilliqa	3
zinger	1
zoom	1
акции	2
опрос	2
сша	1
آبل	1
أبل	3
ابل	7
ابل_Aapl	1
ابل_aapl	24
اسهم	1
الأسهم_الأمريكية	14
الاخوان	1
الاسهم_الامريكية	1
الاسهم_السعودية	4
البورصة_الامريكية	1
الداو_جونز	8
الزمالك	1
الزمالك_بطل_التحدي	1
الزمالك_لن_يسقط_يابلد	1
السوق_الامريكي	2
العاصوف	5
العاصوف2	2
المستثمر_العربي	1
الوهابي	2
الوهابية	5
اندرويد	1
ايفون12	2
تداول	2
تسريبات_هيلاري_كلينتون	1
توصيات	1
تويتر	1
حقيقة_الوهابية	1
داو_جونز	2
دكتور_أوبشن_بلس	1
سالم_الطويل	2
سهم_أبل	1
كريستيانو_رونالدو	1
لاتطمع	1
مؤتمر_آبل	2
ميسي	1
ناسداك	1
هارمونيك	2
هيلاري_كلينتون	1
あなたと相性が良いメンバー	1
ありがとうアメリカ株式	1
おはぎゃーBOT	1
おは戦21023ok	1
きつねメモ	1
はてなブログ	9
ふつくしい	4
みんなに愛を込めてあだ名をつけてみた	2
りんごさん	2
アップル	25
アマゾン	2
アメリカ株	3
アメリカ株でどこまで行けるか	1
アルファベット	1
グロース株	3
サービス	1
ソフトバンク	1
テスラ	2
ニュース	1
バロンズ	3
バロンズダイジェスト	2
ビジネス	1
プレマーケット	2
ポートフォリオ	1
マネックスＧ	1
レッツ米国株	2
レバレッジ	2
人工知能	1
今日は徹夜	1
個別株	1
前回の決算も期待してる人は少なかったのよね	1
大數據分析	1
大選	1
弘曆	1
急騰	1
投資	15
投資信託	1
投資分析	1
投資初心者	3
投資家と繋がりたい	3
投資教學	1
拜登	1
摩根大通	1
日本株	1
株	4
株クラ	1
株初心者	1
株式投資	10
株持ってないけど今夜の発表は楽しみ	1
楽ラップ	1
楽天ポイント運用	1
楽天証券	1
毕肯看盘	2
決算	3
決算ガチャ	1
決算ギャンブル選手権	1
決算主義	1
海外株	1
特朗普	1
独占禁止法訴訟	2
禁酒34日目	1
積立投資	3
米国個別は辞めると決めたのに	2
米国株	33
米国株投資家と繋がる会	1
米国経済	1
米株	5
美國	1
美國銀行	1
美股	1
股票	2
苹果	10
蘋果	1
谷歌	1
資産運用	1
質問箱	1
逆指値	1
週末まとめOzii0	1
長期投資	3
開封の儀	1
사전예약	2
아이폰12	1
애플	2
테슬라	1
